{
	"GUISettings":
		[
			{
				"resolution": { "x": 800, "y": 600 },
				"InGameConsole": { "maxInputPerLine": 60, "maxOutputPerLine": 39 },
				"AdvMap": { "x": 7, "y": 7, "width": 594, "height": 546, "smoothMove": 1, "puzzleSepia": 1 },
				"InfoBox": { "x": 605, "y": 389 },
				"gem0": { "x": 6, "y": 508, "graphic": "agemLL.def" },
				"gem1": { "x": 556, "y": 508, "graphic": "agemLR.def" },
				"gem2": { "x": 6, "y": 6, "graphic": "agemUL.def" },
				"gem3": { "x": 556, "y": 6, "graphic": "agemUR.def" },
				"background": "AdvMap.bmp",
				"HeroList": { "size": 5, "x": 609, "y": 196, "movePoints": "IMOBIL.DEF", "manaPoints": "IMANA.DEF", "arrowUp": "IAM012.DEF", "arrowDown": "IAM013.DEF" },
				"TownList": { "size": 5, "x": 747, "y": 196, "arrowUp": "IAM014.DEF", "arrowDown": "IAM015.DEF" },
				"Minimap": { "width": 144, "height": 144, "x": 630, "y": 26 },
				"Overview": { "pics": 4, "size": 4, "graphic": "OvCast.pcx" },
				"Statusbar": { "x": 7, "y": 556, "graphic": "AdRollvr.bmp" },
				"ResDataBar": { "x": 3, "y": 575, "graphic": "ARESBAR.bmp", "offsetX": 32, "offsetY": 2, "resSpace": 85, "resDateSpace": 85 },
				"ButtonKingdomOv": { "x": 679, "y": 196, "graphic": "IAM002.DEF", "playerColoured": 1 },
				"ButtonUnderground": { "x": 711, "y": 196, "graphic": "IAM010.DEF", "playerColoured": 1, "additionalDefs": [ "IAM003.DEF" ] },
				"ButtonQuestLog": { "x": 679, "y": 228, "graphic": "IAM004.DEF", "playerColoured": 1 },
				"ButtonSleepWake": { "x": 711, "y": 228, "graphic": "IAM005.DEF", "playerColoured": 1, "additionalDefs":["IAM011.DEF"] },
				"ButtonMoveHero": { "x": 679, "y": 260, "graphic": "IAM006.DEF", "playerColoured": 1 },
				"ButtonSpellbook": { "x": 711, "y": 260, "graphic": "IAM007.DEF", "playerColoured": 1 },
				"ButtonAdvOptions": { "x": 679, "y": 292, "graphic": "IAM008.DEF", "playerColoured": 1 },
				"ButtonSysOptions": { "x": 711, "y": 292, "graphic": "IAM009.DEF", "playerColoured": 1 },
				"ButtonNextHero": { "x": 679, "y": 324, "graphic": "IAM000.DEF", "playerColoured": 1 },
				"ButtonEndTurn": { "x": 679, "y": 356, "graphic": "IAM001.DEF", "playerColoured": 1 }
			},

			{
				"resolution": {"x": 960, "y": 600},
				"InGameConsole": {"maxInputPerLine": 60, "maxOutputPerLine": 39},
				"AdvMap": {"x": 7, "y": 7, "width": 754, "height": 546, "smoothMove": 1, "puzzleSepia": 1}, 
				"InfoBox": {"x": 765, "y": 389}, 
				"gem0": {"x": 6, "y": 508, "graphic": "agemLL.def"}, 
				"gem1": {"x": 716, "y": 508, "graphic": "agemLR.def"}, 
				"gem2": {"x": 6, "y": 6, "graphic": "agemUL.def"}, 
				"gem3": {"x": 716, "y": 6, "graphic": "agemUR.def"}, 
				"background": "AdvMap960x600.pcx", 
				"HeroList": {"size": 5, "x": 769, "y": 196, "movePoints": "IMOBIL.DEF", "manaPoints": "IMANA.DEF", "arrowUp": "IAM012.DEF", "arrowDown": "IAM013.DEF"},
				"TownList": {"size": 5, "x": 907, "y": 196, "arrowUp": "IAM014.DEF", "arrowDown": "IAM015.DEF"},
				"Minimap": {"width": 144, "height": 144, "x": 790, "y": 26},
				"Overview": {"pics": 4, "size": 4, "graphic": "OvCast.pcx"},
				"Statusbar": {"x": 7, "y": 556, "graphic": "AdRollvr960.pcx"}, 
				"ResDataBar": {"x": 0, "y": 575, "graphic": "ZResBar960.pcx", "offsetX": 35, "offsetY": 2, "resSpace": 109, "resDateSpace": 127}, 
				"ButtonKingdomOv": {"x": 839, "y": 196, "graphic": "IAM002.DEF", "playerColoured": 1}, 
				"ButtonUnderground": {"x": 871, "y": 196, "graphic": "IAM010.DEF", "playerColoured": 1, "additionalDefs": ["IAM003.DEF"]}, 
				"ButtonQuestLog": {"x": 839, "y": 228, "graphic": "IAM004.DEF", "playerColoured": 1}, 
				"ButtonSleepWake": {"x": 871, "y": 228, "graphic": "IAM005.DEF", "playerColoured": 1, "additionalDefs": ["IAM011.DEF"]}, 
				"ButtonMoveHero": {"x": 839, "y": 260, "graphic": "IAM006.DEF", "playerColoured": 1}, 
				"ButtonSpellbook": {"x": 871, "y": 260, "graphic": "IAM007.DEF", "playerColoured": 1},
				"ButtonAdvOptions": {"x": 839, "y": 292, "graphic": "IAM008.DEF", "playerColoured": 1},
				"ButtonSysOptions": {"x": 871, "y": 292, "graphic": "IAM009.DEF", "playerColoured": 1},
				"ButtonNextHero": {"x": 839, "y": 324, "graphic": "IAM000.DEF", "playerColoured": 1}, 
				"ButtonEndTurn": {"x": 839, "y": 356, "graphic": "IAM001.DEF", "playerColoured": 1}
			},

			{
				"resolution": {"x": 1000, "y": 600},
				"InGameConsole": {"maxInputPerLine": 70, "maxOutputPerLine": 50},
				"AdvMap": {"x": 7, "y": 7, "width": 794, "height": 546, "smoothMove": 1, "puzzleSepia": 1},
				"InfoBox": {"x": 805, "y": 389},
				"gem0": {"x": 6, "y": 508, "graphic": "agemLL.def"},
				"gem1": {"x": 756, "y": 508, "graphic": "agemLR.def"},
				"gem2": {"x": 6, "y": 6, "graphic": "agemUL.def"},
				"gem3": {"x": 756, "y": 6, "graphic": "agemUR.def"},
				"background": "AdvMap1000x600.pcx",
				"HeroList": {"size": 5, "x": 809, "y": 196, "movePoints": "IMOBIL.DEF", "manaPoints": "IMANA.DEF", "arrowUp": "IAM012.DEF", "arrowDown": "IAM013.DEF"},
				"TownList": {"size": 5, "x": 947, "y": 196, "arrowUp": "IAM014.DEF", "arrowDown": "IAM015.DEF"},
				"Minimap": {"width": 144, "height": 144, "x": 830, "y": 26},
				"Overview": {"pics": 4, "size": 4, "graphic": "OvCast.pcx"},
				"Statusbar": {"x": 8, "y": 556, "graphic": "AdRollvr1000.pcx"},
				"ResDataBar": {"x": 0, "y": 575, "graphic": "ZResBar1000.pcx", "offsetX": 54, "offsetY": 2, "resSpace": 109, "resDateSpace": 147},
				"ButtonKingdomOv": {"x": 879, "y": 196, "graphic": "IAM002.DEF", "playerColoured": 1},
				"ButtonUnderground": {"x": 911, "y": 196, "graphic": "IAM010.DEF", "playerColoured": 1, "additionalDefs": ["IAM003.DEF"]},
				"ButtonQuestLog": {"x": 879, "y": 228, "graphic": "IAM004.DEF", "playerColoured": 1},
				"ButtonSleepWake": {"x": 911, "y": 228, "graphic": "IAM005.DEF", "playerColoured": 1, "additionalDefs": ["IAM011.DEF"]},
				"ButtonMoveHero": {"x": 879, "y": 260, "graphic": "IAM006.DEF", "playerColoured": 1},
				"ButtonSpellbook": {"x": 911, "y": 260, "graphic": "IAM007.DEF", "playerColoured": 1},
				"ButtonAdvOptions": {"x": 879, "y": 292, "graphic": "IAM008.DEF", "playerColoured": 1},
				"ButtonSysOptions": {"x": 911, "y": 292, "graphic": "IAM009.DEF", "playerColoured": 1},
				"ButtonNextHero": {"x": 879, "y": 324, "graphic": "IAM000.DEF", "playerColoured": 1},
				"ButtonEndTurn": {"x": 879, "y": 356, "graphic": "IAM001.DEF", "playerColoured": 1}
			},

			{
				"resolution": { "x": 1024, "y": 600 },
				"InGameConsole": { "maxInputPerLine": 70, "maxOutputPerLine": 50 },
				"AdvMap": { "x": 7, "y": 7, "width": 818, "height": 546, "smoothMove": 1, "puzzleSepia": 1 },
				"InfoBox": { "x": 829, "y": 389 },
				"gem0": { "x": 6, "y": 508, "graphic": "agemLL.def" },
				"gem1": { "x": 780, "y": 508, "graphic": "agemLR.def" },
				"gem2": { "x": 6, "y": 6, "graphic": "agemUL.def" },
				"gem3": { "x": 780, "y": 6, "graphic": "agemUR.def" },
				"background": "AdvMap1024x600.pcx",
				"HeroList": { "size": 5, "x": 833, "y": 196, "movePoints": "IMOBIL.DEF", "manaPoints": "IMANA.DEF", "arrowUp": "IAM012.DEF", "arrowDown": "IAM013.DEF" },
				"TownList": { "size": 5, "x": 971, "y": 196, "arrowUp": "IAM014.DEF", "arrowDown": "IAM015.DEF" },
				"Minimap": { "width": 144, "height": 144, "x": 854, "y": 26 },
				"Overview": { "pics": 4, "size": 4, "graphic": "OvCast.pcx" },
				"Statusbar": { "x": 8, "y": 556, "graphic": "AdRollvr1024.pcx" },
				"ResDataBar": { "x": 0, "y": 575, "graphic": "ZResBar1024.pcx", "offsetX": 66, "offsetY": 2, "resSpace": 109, "resDateSpace": 159 },
				"ButtonKingdomOv": { "x": 903, "y": 196, "graphic": "IAM002.DEF", "playerColoured": 1 },
				"ButtonUnderground": { "x": 935, "y": 196, "graphic": "IAM010.DEF", "playerColoured": 1, "additionalDefs": [ "IAM003.DEF" ] },
				"ButtonQuestLog": { "x": 903, "y": 228, "graphic": "IAM004.DEF", "playerColoured": 1 },
				"ButtonSleepWake": { "x": 935, "y": 228, "graphic": "IAM005.DEF", "playerColoured": 1, "additionalDefs":["IAM011.DEF"]  },
				"ButtonMoveHero": { "x": 903, "y": 260, "graphic": "IAM006.DEF", "playerColoured": 1 },
				"ButtonSpellbook": { "x": 935, "y": 260, "graphic": "IAM007.DEF", "playerColoured": 1 },
				"ButtonAdvOptions": { "x": 903, "y": 292, "graphic": "IAM008.DEF", "playerColoured": 1 },
				"ButtonSysOptions": { "x": 935, "y": 292, "graphic": "IAM009.DEF", "playerColoured": 1 },
				"ButtonNextHero": { "x": 903, "y": 324, "graphic": "IAM000.DEF", "playerColoured": 1 },
				"ButtonEndTurn": { "x": 903, "y": 356, "graphic": "IAM001.DEF", "playerColoured": 1 }
			},

			{ 
				"resolution": { "x": 1181, "y": 664 }, 
				"InGameConsole": { "maxInputPerLine": 70, "maxOutputPerLine": 50 },
				"AdvMap": { "x": 7, "y": 7, "width": 975, "height": 610, "smoothMove": 1, "puzzleSepia": 1 },
				"InfoBox": { "x": 986, "y": 453 },
				"gem0": { "x": 6, "y": 572, "graphic": "agemLL.def" },
				"gem1": { "x": 937, "y": 572, "graphic": "agemLR.def" },
				"gem2": { "x": 6, "y": 6, "graphic": "agemUL.def" },
				"gem3": { "x": 937, "y": 6, "graphic": "agemUR.def" },
				"background": "AdvMap1181x664.pcx",
				"HeroList": { "size": 7, "x": 990, "y": 196, "movePoints": "IMOBIL.DEF", "manaPoints": "IMANA.DEF", "arrowUp": "IAM012.DEF", "arrowDown": "IAM013.DEF" },
				"TownList": { "size": 7, "x": 1128, "y": 196, "arrowUp": "IAM014.DEF", "arrowDown": "IAM015.DEF" },
				"Minimap": { "width": 144, "height": 144, "x": 1011, "y": 26 },
				"Overview": { "pics": 4, "size": 4, "graphic": "OvCast.pcx" },
				"Statusbar": { "x": 8, "y": 620, "graphic": "AdRollvr1181.pcx" },
				"ResDataBar": { "x": 0, "y": 639, "graphic": "ZResBar1181.pcx", "offsetX": 48, "offsetY": 2, "resSpace": 140, "resDateSpace": 119 },
				"ButtonKingdomOv": { "x": 1060, "y": 196, "graphic": "IAM002.DEF", "playerColoured": 1 },
				"ButtonUnderground": { "x": 1092, "y": 196, "graphic": "IAM010.DEF", "playerColoured": 1, "additionalDefs": [ "IAM003.DEF" ] },
				"ButtonQuestLog": { "x": 1060, "y": 228, "graphic": "IAM004.DEF", "playerColoured": 1 },
				"ButtonSleepWake": { "x": 1092, "y": 228, "graphic": "IAM005.DEF", "playerColoured": 1, "additionalDefs":["IAM011.DEF"]  },
				"ButtonMoveHero": { "x": 1060, "y": 260, "graphic": "IAM006L.DEF", "playerColoured": 1 },
				"ButtonSpellbook": { "x": 1060, "y": 292, "graphic": "IAM007L.DEF", "playerColoured": 1 },
				"ButtonAdvOptions": { "x": 1060, "y": 324, "graphic": "IAM008L.DEF", "playerColoured": 1 },
				"ButtonSysOptions": { "x": 1060, "y": 356, "graphic": "IAM009L.DEF", "playerColoured": 1 },
				"ButtonNextHero": { "x": 1060, "y": 388, "graphic": "IAM000.DEF", "playerColoured": 1 },
				"ButtonEndTurn": { "x": 1060, "y": 420, "graphic": "IAM001.DEF", "playerColoured": 1 }
			},
			
			{
				"resolution": { "x": 1024, "y": 768 },
				"InGameConsole": { "maxInputPerLine": 70, "maxOutputPerLine": 57 },
				"AdvMap": { "x": 7, "y": 7, "width": 818, "height": 714, "smoothMove": 1, "puzzleSepia": 1 },
				"InfoBox": { "x": 829, "y": 557 },
				"gem0": { "x": 6, "y": 676, "graphic": "agemLL.def" },
				"gem1": { "x": 780, "y": 676, "graphic": "agemLR.def" },
				"gem2": { "x": 6, "y": 6, "graphic": "agemUL.def" },
				"gem3": { "x": 780, "y": 6, "graphic": "agemUR.def" },
				"background": "AdvMap1024x768.pcx",
				"HeroList": { "size": 10, "x": 833, "y": 201, "movePoints": "IMOBIL.DEF", "manaPoints": "IMANA.DEF", "arrowUp": "IAM012.DEF", "arrowDown": "IAM013.DEF" },
				"TownList": { "size": 10, "x": 971, "y": 201, "arrowUp": "IAM014.DEF", "arrowDown": "IAM015.DEF" },
				"Minimap": { "width": 144, "height": 144, "x": 854, "y": 26 },
				"Overview": { "pics": 4, "size": 5, "graphic": "OvCast5.pcx" },
				"Statusbar": { "x": 8, "y": 723, "graphic": "AdRollvr1024.pcx" },
				"ResDataBar": { "x": 0, "y": 743, "graphic": "ZResBar1024.pcx", "offsetX": 66, "offsetY": 2, "resSpace": 109, "resDateSpace": 133 },
				"ButtonKingdomOv": { "x": 903, "y": 197, "graphic": "IAM002L.DEF", "playerColoured": 1 },
				"ButtonUnderground": { "x": 903, "y": 229, "graphic": "IAM010L.DEF", "playerColoured": 1, "additionalDefs": ["IAM003L.DEF" ] },
				"ButtonQuestLog": { "x": 903, "y": 261, "graphic": "IAM004L.DEF", "playerColoured": 1 },
				"ButtonSleepWake": { "x": 903, "y": 293, "graphic": "IAM005L.DEF", "playerColoured": 1, "additionalDefs":["IAM011L.DEF"] },
				"ButtonMoveHero": { "x": 903, "y": 326, "graphic": "IAM006L.DEF", "playerColoured": 1 },
				"ButtonSpellbook": { "x": 903, "y": 359, "graphic": "IAM007L.DEF", "playerColoured": 1 },
				"ButtonAdvOptions": { "x": 903, "y": 392, "graphic": "IAM008L.DEF", "playerColoured": 1 },
				"ButtonSysOptions": { "x": 903, "y": 425, "graphic": "IAM009L.DEF", "playerColoured": 1 },
				"ButtonNextHero": { "x": 903, "y": 491, "graphic": "IAM000.DEF", "playerColoured": 1 },
				"ButtonEndTurn": { "x": 903, "y": 524, "graphic": "IAM001.DEF", "playerColoured": 1 }
			},
			
			{
				"resolution": {"x": 1067, "y": 600},
				"InGameConsole": {"maxInputPerLine": 70, "maxOutputPerLine": 50},
				"AdvMap": {"x": 7, "y": 7, "width": 861, "height": 546, "smoothMove": 1, "puzzleSepia": 1},
				"InfoBox": {"x": 872, "y": 389}, 
				"gem0": {"x": 6, "y": 508, "graphic": "agemLL.def"},
				"gem1": {"x": 823, "y": 508, "graphic": "agemLR.def"},
				"gem2": {"x": 6, "y": 6, "graphic": "agemUL.def"},
				"gem3": {"x": 823, "y": 6, "graphic": "agemUR.def"},
				"background": "AdvMap1067x600.pcx",
				"HeroList": {"size": 5, "x": 876, "y": 196, "movePoints": "IMOBIL.DEF", "manaPoints": "IMANA.DEF", "arrowUp": "IAM012.DEF", "arrowDown": "IAM013.DEF"},
				"TownList": {"size": 5, "x": 1014, "y": 196, "arrowUp": "IAM014.DEF", "arrowDown": "IAM015.DEF"},
				"Minimap": {"width": 144, "height": 144, "x": 897, "y": 26},
				"Overview": {"pics": 4, "size": 4, "graphic": "OvCast.pcx"},
				"Statusbar": {"x": 8, "y": 556, "graphic": "AdRollvr1067.pcx"},
				"ResDataBar": {"x": 0, "y": 575, "graphic": "ZResBar1067.pcx", "offsetX": 66, "offsetY": 2, "resSpace": 109, "resDateSpace": 203},
				"ButtonKingdomOv": {"x": 946, "y": 196, "graphic": "IAM002.DEF", "playerColoured": 1},
				"ButtonUnderground": {"x": 978, "y": 196, "graphic": "IAM010.DEF", "playerColoured": 1, "additionalDefs": ["IAM003.DEF"]}, 
				"ButtonQuestLog": {"x": 946, "y": 228, "graphic": "IAM004.DEF", "playerColoured": 1}, 
				"ButtonSleepWake": {"x": 978, "y": 228, "graphic": "IAM005.DEF", "playerColoured": 1, "additionalDefs": ["IAM011.DEF"]},
				"ButtonMoveHero": {"x": 946, "y": 260, "graphic": "IAM006.DEF", "playerColoured": 1},
				"ButtonSpellbook": {"x": 978, "y": 260, "graphic": "IAM007.DEF", "playerColoured": 1},
				"ButtonAdvOptions": {"x": 946, "y": 292, "graphic": "IAM008.DEF", "playerColoured": 1},
				"ButtonSysOptions": {"x": 978, "y": 292, "graphic": "IAM009.DEF", "playerColoured": 1},
				"ButtonNextHero": {"x": 946, "y": 324, "graphic": "IAM000.DEF", "playerColoured": 1},
				"ButtonEndTurn": {"x": 946, "y": 356, "graphic": "IAM001.DEF", "playerColoured": 1}
			},

			{
				"resolution": {"x": 1138, "y": 600},
				"InGameConsole": {"maxInputPerLine": 75, "maxOutputPerLine": 50},
				"AdvMap": {"x": 7, "y": 7, "width": 932, "height": 546, "smoothMove": 1, "puzzleSepia": 1},
				"InfoBox": {"x": 943, "y": 389},
				"gem0": {"x": 6, "y": 508, "graphic": "agemLL.def"},
				"gem1": {"x": 894, "y": 508, "graphic": "agemLR.def"},
				"gem2": {"x": 6, "y": 6, "graphic": "agemUL.def"},
				"gem3": {"x": 894, "y": 6, "graphic": "agemUR.def"},
				"background": "AdvMap1138x600.pcx",
				"HeroList": {"size": 5, "x": 947, "y": 196, "movePoints": "IMOBIL.DEF", "manaPoints": "IMANA.DEF", "arrowUp": "IAM012.DEF", "arrowDown": "IAM013.DEF"},
				"TownList": {"size": 5, "x": 1085, "y": 196, "arrowUp": "IAM014.DEF", "arrowDown": "IAM015.DEF"},
				"Minimap": {"width": 144, "height": 144, "x": 968, "y": 26},
				"Overview": {"pics": 4, "size": 4, "graphic": "OvCast.pcx"},
				"Statusbar": {"x": 8, "y": 556, "graphic": "AdRollvr1138.pcx"},
				"ResDataBar": {"x": 0, "y": 575, "graphic": "ZResBar1138.pcx", "offsetX": 54, "offsetY": 2, "resSpace": 131, "resDateSpace": 154},
				"ButtonKingdomOv": {"x": 1017, "y": 196, "graphic": "IAM002.DEF", "playerColoured": 1},
				"ButtonUnderground": {"x": 1049, "y": 196, "graphic": "IAM010.DEF", "playerColoured": 1, "additionalDefs": ["IAM003.DEF"]},
				"ButtonQuestLog": {"x": 1017, "y": 228, "graphic": "IAM004.DEF", "playerColoured": 1},
				"ButtonSleepWake": {"x": 1049, "y": 228, "graphic": "IAM005.DEF", "playerColoured": 1, "additionalDefs": ["IAM011.DEF"]},
				"ButtonMoveHero": {"x": 1017, "y": 260, "graphic": "IAM006.DEF", "playerColoured": 1},
				"ButtonSpellbook": {"x": 1049, "y": 260, "graphic": "IAM007.DEF", "playerColoured": 1},
				"ButtonAdvOptions": {"x": 1017, "y": 292, "graphic": "IAM008.DEF", "playerColoured": 1},
				"ButtonSysOptions": {"x": 1049, "y": 292, "graphic": "IAM009.DEF", "playerColoured": 1},
				"ButtonNextHero": {"x": 1017, "y": 324, "graphic": "IAM000.DEF", "playerColoured": 1},
				"ButtonEndTurn": {"x": 1017, "y": 356, "graphic": "IAM001.DEF", "playerColoured": 1}
			},

			{
				"resolution": {"x": 1200, "y": 600},
				"InGameConsole": {"maxInputPerLine": 80, "maxOutputPerLine": 50}, 
				"AdvMap": {"x": 7, "y": 7, "width": 994, "height": 546, "smoothMove": 1, "puzzleSepia": 1},
				"InfoBox": {"x": 1005, "y": 389}, "gem0": {"x": 6, "y": 508, "graphic": "agemLL.def"},
				"gem1": {"x": 956, "y": 508, "graphic": "agemLR.def"},
				"gem2": {"x": 6, "y": 6, "graphic": "agemUL.def"},
				"gem3": {"x": 956, "y": 6, "graphic": "agemUR.def"},
				"background": "AdvMap1200x600.pcx",
				"HeroList": {"size": 5, "x": 1009, "y": 196, "movePoints": "IMOBIL.DEF", "manaPoints": "IMANA.DEF", "arrowUp": "IAM012.DEF", "arrowDown": "IAM013.DEF"}, 
				"TownList": {"size": 5, "x": 1147, "y": 196, "arrowUp": "IAM014.DEF", "arrowDown": "IAM015.DEF"},
				"Minimap": {"width": 144, "height": 144, "x": 1030, "y": 26}, "Overview": {"pics": 4, "size": 4, "graphic": "OvCast.pcx"},
				"Statusbar": {"x": 8, "y": 556, "graphic": "AdRollvr1200.pcx"},
				"ResDataBar": {"x": 0, "y": 575, "graphic": "ZResBar1200.pcx", "offsetX": 84, "offsetY": 2, "resSpace": 131, "resDateSpace": 185},
				"ButtonKingdomOv": {"x": 1079, "y": 196, "graphic": "IAM002.DEF", "playerColoured": 1},
				"ButtonUnderground": {"x": 1111, "y": 196, "graphic": "IAM010.DEF", "playerColoured": 1, "additionalDefs": ["IAM003.DEF"]},
				"ButtonQuestLog": {"x": 1079, "y": 228, "graphic": "IAM004.DEF", "playerColoured": 1},
				"ButtonSleepWake": {"x": 1111, "y": 228, "graphic": "IAM005.DEF", "playerColoured": 1, "additionalDefs": ["IAM011.DEF"]},
				"ButtonMoveHero": {"x": 1079, "y": 260, "graphic": "IAM006.DEF", "playerColoured": 1},
				"ButtonSpellbook": {"x": 1111, "y": 260, "graphic": "IAM007.DEF", "playerColoured": 1}, 
				"ButtonAdvOptions": {"x": 1079, "y": 292, "graphic": "IAM008.DEF", "playerColoured": 1},
				"ButtonSysOptions": {"x": 1111, "y": 292, "graphic": "IAM009.DEF", "playerColoured": 1},
				"ButtonNextHero": {"x": 1079, "y": 324, "graphic": "IAM000.DEF", "playerColoured": 1},
				"ButtonEndTurn": {"x": 1079, "y": 356, "graphic": "IAM001.DEF", "playerColoured": 1}
			},

			{
				"resolution": {"x": 1246, "y": 600},
				"InGameConsole": {"maxInputPerLine": 60, "maxOutputPerLine": 39},
				"AdvMap": {"x": 7, "y": 7, "width": 1040, "height": 546, "smoothMove": 1, "puzzleSepia": 1},
				"InfoBox": {"x": 1051, "y": 389},
				"gem0": {"x": 6, "y": 508, "graphic": "agemLL.def"},
				"gem1": {"x": 1002, "y": 508, "graphic": "agemLR.def"},
				"gem2": {"x": 6, "y": 6, "graphic": "agemUL.def"},
				"gem3": {"x": 1002, "y": 6, "graphic": "agemUR.def"},
				"background": "AdvMap1246x600.pcx",
				"HeroList": {"size": 5, "x": 1055, "y": 196, "movePoints": "IMOBIL.DEF", "manaPoints": "IMANA.DEF", "arrowUp": "IAM012.DEF", "arrowDown": "IAM013.DEF"},
				"TownList": {"size": 5, "x": 1193, "y": 196, "arrowUp": "IAM014.DEF", "arrowDown": "IAM015.DEF"},
				"Minimap": {"width": 144, "height": 144, "x": 1076, "y": 26},
				"Overview": {"pics": 4, "size": 4, "graphic": "OvCast.pcx"},
				"Statusbar": {"x": 8, "y": 556, "graphic": "AdRollvr1246.pcx"},
				"ResDataBar": {"x": 0, "y": 575, "graphic": "ZResBar1246.pcx", "offsetX": 70, "offsetY": 2, "resSpace": 141, "resDateSpace": 186},
				"ButtonKingdomOv": {"x": 1125, "y": 196, "graphic": "IAM002.DEF", "playerColoured": 1},
				"ButtonUnderground": {"x": 1157, "y": 196, "graphic": "IAM010.DEF", "playerColoured": 1, "additionalDefs": ["IAM003.DEF"]},
				"ButtonQuestLog": {"x": 1125, "y": 228, "graphic": "IAM004.DEF", "playerColoured": 1},
				"ButtonSleepWake": {"x": 1157, "y": 228, "graphic": "IAM005.DEF", "playerColoured": 1, "additionalDefs": ["IAM011.DEF"]},
				"ButtonMoveHero": {"x": 1125, "y": 260, "graphic": "IAM006.DEF", "playerColoured": 1},
				"ButtonSpellbook": {"x": 1157, "y": 260, "graphic": "IAM007.DEF", "playerColoured": 1},
				"ButtonAdvOptions": {"x": 1125, "y": 292, "graphic": "IAM008.DEF", "playerColoured": 1},
				"ButtonSysOptions": {"x": 1157, "y": 292, "graphic": "IAM009.DEF", "playerColoured": 1},
				"ButtonNextHero": {"x": 1125, "y": 324, "graphic": "IAM000.DEF", "playerColoured": 1},
				"ButtonEndTurn": {"x": 1125, "y": 356, "graphic": "IAM001.DEF", "playerColoured": 1}
			},

			{
				"resolution": { "x": 1280, "y": 960 },
				"InGameConsole": { "maxInputPerLine": 80, "maxOutputPerLine": 57 },
				"AdvMap": { "x": 7, "y": 7, "width": 1074, "height": 906, "smoothMove": 1, "puzzleSepia": 1 },
				"InfoBox": { "x": 1085, "y": 749 },
				"gem0": { "x": 6, "y": 868, "graphic": "agemLL.def" },
				"gem1": { "x": 1036, "y": 868, "graphic": "agemLR.def" },
				"gem2": { "x": 6, "y": 6, "graphic": "agemUL.def" },
				"gem3": { "x": 1036, "y": 6, "graphic": "agemUR.def" },
				"background": "AdvMap1280x960.pcx",
				"HeroList": { "size": 16, "x": 1089, "y": 196, "movePoints": "IMOBIL.DEF", "manaPoints": "IMANA.DEF", "arrowUp": "IAM012.DEF", "arrowDown": "IAM013.DEF" },
				"TownList": { "size": 16, "x": 1227, "y": 196, "arrowUp": "IAM014.DEF", "arrowDown": "IAM015.DEF" },
				"Minimap": { "width": 144, "height": 144, "x": 1110, "y": 26 },
				"Overview": { "pics": 4, "size": 6, "graphic": "OvCast6.pcx" },
				"Statusbar": { "x": 8, "y": 916, "graphic": "AdRollvr1280.pcx" },
				"ResDataBar": { "x": 0, "y": 935, "graphic": "ZResBar1280.pcx", "offsetX": 88, "offsetY": 2, "resSpace": 142, "resDateSpace": 167 },
				"ButtonKingdomOv": { "x": 1159, "y": 197, "graphic": "IAM002L.DEF", "playerColoured": 1 },
				"ButtonUnderground": { "x": 1159, "y": 229, "graphic": "IAM010L.DEF", "playerColoured": 1, "additionalDefs": ["IAM003L.DEF" ] },
				"ButtonQuestLog": { "x": 1159, "y": 261, "graphic": "IAM004L.DEF", "playerColoured": 1 },
				"ButtonSleepWake": { "x": 1159, "y": 293, "graphic": "IAM005L.DEF", "playerColoured": 1, "additionalDefs":["IAM011L.DEF"]  },
				"ButtonMoveHero": { "x": 1159, "y": 326, "graphic": "IAM006L.DEF", "playerColoured": 1 },
				"ButtonSpellbook": { "x": 1159, "y": 359, "graphic": "IAM007L.DEF", "playerColoured": 1 },
				"ButtonAdvOptions": { "x": 1159, "y": 392, "graphic": "IAM008L.DEF", "playerColoured": 1 },
				"ButtonSysOptions": { "x": 1159, "y": 425, "graphic": "IAM009L.DEF", "playerColoured": 1 },
				"ButtonNextHero": { "x": 1159, "y": 491, "graphic": "IAM000.DEF", "playerColoured": 1 },
				"ButtonEndTurn": { "x": 1159, "y": 524, "graphic": "IAM001.DEF", "playerColoured": 1 }
			},

			{
				"resolution": { "x": 1280, "y": 1024 },
				"InGameConsole": { "maxInputPerLine": 80, "maxOutputPerLine": 57 },
				"AdvMap": { "x": 7, "y": 7, "width": 1074, "height": 970, "smoothMove": 1, "puzzleSepia": 1 },
				"InfoBox": { "x": 1085, "y": 517 },
				"gem0": { "x": 6, "y": 932, "graphic": "agemLL.def" },
				"gem1": { "x": 1036, "y": 932, "graphic": "agemLR.def" },
				"gem2": { "x": 6, "y": 6, "graphic": "agemUL.def" },
				"gem3": { "x": 1036, "y": 6, "graphic": "agemUR.def" },
				"background": "AdvMap1280x1024.PCX",
				"HeroList": { "size": 9, "x": 1089, "y": 196, "movePoints": "IMOBIL.DEF", "manaPoints": "IMANA.DEF", "arrowUp": "IAM012.DEF", "arrowDown": "IAM013.DEF" },
				"TownList": { "size": 9, "x": 1227, "y": 196, "arrowUp": "IAM014.DEF", "arrowDown": "IAM015.DEF" },
				"Minimap": { "width": 144, "height": 144, "x": 1110, "y": 26 },
				"Overview": { "pics": 4, "size": 7, "graphic": "OvCast7.pcx" },
				"Statusbar": { "x": 8, "y": 980, "graphic": "AdRollvr1280.pcx" },
				"ResDataBar": { "x": 0, "y": 999, "graphic": "ZResBar1280.pcx", "offsetX": 88, "offsetY": 2, "resSpace": 142, "resDateSpace": 167 },
				"ButtonKingdomOv": { "x": 1159, "y": 196, "graphic": "IAM002L.DEF", "playerColoured": 1 },
				"ButtonUnderground": { "x": 1159, "y": 228, "graphic": "IAM010L.DEF", "playerColoured": 1, "additionalDefs": ["IAM003L.DEF" ] },
				"ButtonQuestLog": { "x": 1159, "y": 260, "graphic": "IAM004L.DEF", "playerColoured": 1 },
				"ButtonSleepWake": { "x": 1159, "y": 292, "graphic": "IAM005L.DEF", "playerColoured": 1, "additionalDefs":["IAM011L.DEF"]  },
				"ButtonMoveHero": { "x": 1159, "y": 324, "graphic": "IAM006L.DEF", "playerColoured": 1 },
				"ButtonSpellbook": { "x": 1159, "y": 355, "graphic": "IAM007L.DEF", "playerColoured": 1 },
				"ButtonAdvOptions": { "x": 1159, "y": 388, "graphic": "IAM008L.DEF", "playerColoured": 1 },
				"ButtonSysOptions": { "x": 1159, "y": 420, "graphic": "IAM009L.DEF", "playerColoured": 1 },
				"ButtonNextHero": { "x": 1159, "y": 452, "graphic": "IAM000.DEF", "playerColoured": 1 },
				"ButtonEndTurn": { "x": 1159, "y": 484, "graphic": "IAM001.DEF", "playerColoured": 1 }
			},

			{
				"resolution": {"x": 1300, "y": 600},
				"InGameConsole": {"maxInputPerLine": 60, "maxOutputPerLine": 39},
				"AdvMap": {"x": 7, "y": 7, "width": 1094, "height": 546, "smoothMove": 1, "puzzleSepia": 1},
				"InfoBox": {"x": 1105, "y": 389},
				"gem0": {"x": 6, "y": 508, "graphic": "agemLL.def"},
				"gem1": {"x": 1056, "y": 508, "graphic": "agemLR.def"},
				"gem2": {"x": 6, "y": 6, "graphic": "agemUL.def"},
				"gem3": {"x": 1056, "y": 6, "graphic": "agemUR.def"},
				"background": "AdvMap1300x600.pcx",
				"HeroList": {"size": 5, "x": 1109, "y": 196, "movePoints": "IMOBIL.DEF", "manaPoints": "IMANA.DEF", "arrowUp": "IAM012.DEF", "arrowDown": "IAM013.DEF"},
				"TownList": {"size": 5, "x": 1247, "y": 196, "arrowUp": "IAM014.DEF", "arrowDown": "IAM015.DEF"},
				"Minimap": {"width": 144, "height": 144, "x": 1130, "y": 26},
				"Overview": {"pics": 4, "size": 4, "graphic": "OvCast.pcx"},
				"Statusbar": {"x": 8, "y": 556, "graphic": "AdRollvr1300.pcx"},
				"ResDataBar": {"x": 0, "y": 575, "graphic": "ZResBar1300.pcx", "offsetX": 88, "offsetY": 2, "resSpace": 141, "resDateSpace": 222},
				"ButtonKingdomOv": {"x": 1179, "y": 196, "graphic": "IAM002.DEF", "playerColoured": 1},
				"ButtonUnderground": {"x": 1211, "y": 196, "graphic": "IAM010.DEF", "playerColoured": 1, "additionalDefs": ["IAM003.DEF"]},
				"ButtonQuestLog": {"x": 1179, "y": 228, "graphic": "IAM004.DEF", "playerColoured": 1},
				"ButtonSleepWake": {"x": 1211, "y": 228, "graphic": "IAM005.DEF", "playerColoured": 1, "additionalDefs": ["IAM011.DEF"]},
				"ButtonMoveHero": {"x": 1179, "y": 260, "graphic": "IAM006.DEF", "playerColoured": 1},
				"ButtonSpellbook": {"x": 1211, "y": 260, "graphic": "IAM007.DEF", "playerColoured": 1},
				"ButtonAdvOptions": {"x": 1179, "y": 292, "graphic": "IAM008.DEF", "playerColoured": 1},
				"ButtonSysOptions": {"x": 1211, "y": 292, "graphic": "IAM009.DEF", "playerColoured": 1},
				"ButtonNextHero": {"x": 1179, "y": 324, "graphic": "IAM000.DEF", "playerColoured": 1},
				"ButtonEndTurn": {"x": 1179, "y": 356, "graphic": "IAM001.DEF", "playerColoured": 1}
			},

			{
				"resolution": { "x": 1366, "y": 768 },
				"InGameConsole": { "maxInputPerLine": 85, "maxOutputPerLine": 58 },
				"AdvMap": { "x": 7, "y": 7, "width": 1160, "height": 714, "smoothMove": 1, "puzzleSepia": 1 },
				"InfoBox": { "x": 1171, "y": 557 },
				"gem0": { "x": 6, "y": 676, "graphic": "agemLL.def" },
				"gem1": { "x": 1122, "y": 676, "graphic": "agemLR.def" },
				"gem2": { "x": 6, "y": 6, "graphic": "agemUL.def" },
				"gem3": { "x": 1122, "y": 6, "graphic": "agemUR.def" },
				"background": "AdvMap1366x768.pcx",
				"HeroList": { "size": 10, "x": 1175, "y": 201, "movePoints": "IMOBIL.DEF", "manaPoints": "IMANA.DEF", "arrowUp": "IAM012.DEF", "arrowDown": "IAM013.DEF" },
				"TownList": { "size": 10, "x": 1313, "y": 201, "arrowUp": "IAM014.DEF", "arrowDown": "IAM015.DEF" },
				"Minimap": { "width": 144, "height": 144, "x": 1196, "y": 26 },
				"Overview": { "pics": 4, "size": 5, "graphic": "OvCast5.pcx" },
				"Statusbar": { "x": 8, "y": 723, "graphic": "AdRollvr1366.pcx" },
				"ResDataBar": { "x": 0, "y": 743, "graphic": "ZResBar1366.pcx", "offsetX": 90, "offsetY": 2, "resSpace": 153, "resDateSpace": 185 },
				"ButtonKingdomOv": { "x": 1245, "y": 197, "graphic": "IAM002L.DEF", "playerColoured": 1 },
				"ButtonUnderground": { "x": 1245, "y": 229, "graphic": "IAM010L.DEF", "playerColoured": 1, "additionalDefs": ["IAM003L.DEF" ] },
				"ButtonQuestLog": { "x": 1245, "y": 261, "graphic": "IAM004L.DEF", "playerColoured": 1 },
				"ButtonSleepWake": { "x": 1245, "y": 293, "graphic": "IAM005L.DEF", "playerColoured": 1, "additionalDefs":["IAM011L.DEF"]  },
				"ButtonMoveHero": { "x": 1245, "y": 326, "graphic": "IAM006L.DEF", "playerColoured": 1 },
				"ButtonSpellbook": { "x": 1245, "y": 359, "graphic": "IAM007L.DEF", "playerColoured": 1 },
				"ButtonAdvOptions": { "x": 1245, "y": 392, "graphic": "IAM008L.DEF", "playerColoured": 1 },
				"ButtonSysOptions": { "x": 1245, "y": 425, "graphic": "IAM009L.DEF", "playerColoured": 1 },
				"ButtonNextHero": { "x": 1245, "y": 491, "graphic": "IAM000.DEF", "playerColoured": 1 },
				"ButtonEndTurn": { "x": 1245, "y": 524, "graphic": "IAM001.DEF", "playerColoured": 1 }
			},


			{
				"resolution": { "x": 1280, "y": 720 },
				"InGameConsole": { "maxInputPerLine": 70, "maxOutputPerLine": 57 },
				"AdvMap": { "x": 7, "y": 7, "width": 1074, "height": 666, "smoothMove": 1, "puzzleSepia": 1 },
				"InfoBox": { "x": 1085, "y": 510 },
				"gem0": { "x": 6, "y": 628, "graphic": "agemLL.def" },
				"gem1": { "x": 1036, "y": 628, "graphic": "agemLR.def" },
				"gem2": { "x": 6, "y": 6, "graphic": "agemUL.def" },
				"gem3": { "x": 1036, "y": 6, "graphic": "agemUR.def" },
				"background": "AdvMap1280x720.pcx",
				"HeroList": { "size": 9, "x": 1089, "y": 193, "movePoints": "IMOBIL.DEF", "manaPoints": "IMANA.DEF", "arrowUp": "IAM012.DEF", "arrowDown": "IAM013.DEF" },
				"TownList": { "size": 9, "x": 1227, "y": 193, "arrowUp": "IAM014.DEF", "arrowDown": "IAM015.DEF" },
				"Minimap": { "width": 144, "height": 144, "x": 1110, "y": 26 },
				"Overview": { "pics": 4, "size": 5, "graphic": "OvCast5.pcx" },
				"Statusbar": { "x": 8, "y": 674, "graphic": "AdRollvr1280.pcx" },
				"ResDataBar": { "x": 0, "y": 695, "graphic": "ZResBar1280.pcx", "offsetX": 88, "offsetY": 2, "resSpace": 142, "resDateSpace": 167 },
				"ButtonKingdomOv": { "x": 1159, "y": 195, "graphic": "IAM002L.DEF", "playerColoured": 1 },
				"ButtonUnderground": { "x": 1159, "y": 226, "graphic": "IAM010L.DEF", "playerColoured": 1, "additionalDefs": ["IAM003L.DEF" ] },
				"ButtonQuestLog": { "x": 1159, "y": 257, "graphic": "IAM004L.DEF", "playerColoured": 1 },
				"ButtonSleepWake": { "x": 1159, "y": 288, "graphic": "IAM005L.DEF", "playerColoured": 1, "additionalDefs":["IAM011L.DEF"]  },
				"ButtonMoveHero": { "x": 1159, "y": 320, "graphic": "IAM006L.DEF", "playerColoured": 1 },
				"ButtonSpellbook": { "x": 1159, "y": 352, "graphic": "IAM007L.DEF", "playerColoured": 1 },
				"ButtonAdvOptions": { "x": 1159, "y": 384, "graphic": "IAM008L.DEF", "playerColoured": 1 },
				"ButtonSysOptions": { "x": 1159, "y": 416, "graphic": "IAM009L.DEF", "playerColoured": 1 },
				"ButtonNextHero": { "x": 1159, "y": 448, "graphic": "IAM000.DEF", "playerColoured": 1 },
				"ButtonEndTurn": { "x": 1159, "y": 480, "graphic": "IAM001.DEF", "playerColoured": 1 }
			},
	
			{
				"resolution": { "x": 1280, "y": 768 },
				"InGameConsole": { "maxInputPerLine": 70, "maxOutputPerLine": 57 },
				"AdvMap": { "x": 7, "y": 7, "width": 1074, "height": 714, "smoothMove": 1, "puzzleSepia": 1 },
				"InfoBox": { "x": 1085, "y": 557 },
				"gem0": { "x": 6, "y": 676, "graphic": "agemLL.def" },
				"gem1": { "x": 1036, "y": 676, "graphic": "agemLR.def" },
				"gem2": { "x": 6, "y": 6, "graphic": "agemUL.def" },
				"gem3": { "x": 1036, "y": 6, "graphic": "agemUR.def" },
				"background": "AdvMap1280x768.pcx",
				"HeroList": { "size": 10, "x": 1089, "y": 201, "movePoints": "IMOBIL.DEF", "manaPoints": "IMANA.DEF", "arrowUp": "IAM012.DEF", "arrowDown": "IAM013.DEF" },
				"TownList": { "size": 10, "x": 1227, "y": 201, "arrowUp": "IAM014.DEF", "arrowDown": "IAM015.DEF" },
				"Minimap": { "width": 144, "height": 144, "x": 1110, "y": 26 },
				"Overview": { "pics": 4, "size": 5, "graphic": "OvCast5.pcx" },
				"Statusbar": { "x": 8, "y": 723, "graphic": "AdRollvr1280.pcx" },
				"ResDataBar": { "x": 0, "y": 743, "graphic": "ZResBar1280.pcx", "offsetX": 88, "offsetY": 2, "resSpace": 142, "resDateSpace": 167 },
				"ButtonKingdomOv": { "x": 1159, "y": 197, "graphic": "IAM002L.DEF", "playerColoured": 1 },
				"ButtonUnderground": { "x": 1159, "y": 229, "graphic": "IAM010L.DEF", "playerColoured": 1, "additionalDefs": ["IAM003L.DEF" ] },
				"ButtonQuestLog": { "x": 1159, "y": 261, "graphic": "IAM004L.DEF", "playerColoured": 1 },
				"ButtonSleepWake": { "x": 1159, "y": 293, "graphic": "IAM005L.DEF", "playerColoured": 1, "additionalDefs":["IAM011L.DEF"]  },
				"ButtonMoveHero": { "x": 1159, "y": 326, "graphic": "IAM006L.DEF", "playerColoured": 1 },
				"ButtonSpellbook": { "x": 1159, "y": 359, "graphic": "IAM007L.DEF", "playerColoured": 1 },
				"ButtonAdvOptions": { "x": 1159, "y": 392, "graphic": "IAM008L.DEF", "playerColoured": 1 },
				"ButtonSysOptions": { "x": 1159, "y": 425, "graphic": "IAM009L.DEF", "playerColoured": 1 },
				"ButtonNextHero": { "x": 1159, "y": 491, "graphic": "IAM000.DEF", "playerColoured": 1 },
				"ButtonEndTurn": { "x": 1159, "y": 524, "graphic": "IAM001.DEF", "playerColoured": 1 }
			},
			
			{
				"resolution": { "x": 1280, "y": 800 },
				"InGameConsole": { "maxInputPerLine": 90, "maxOutputPerLine": 60 },
				"AdvMap": { "x": 7, "y": 7, "width": 1074, "height": 746, "smoothMove": 1, "puzzleSepia": 1 },
				"InfoBox": { "x": 1085, "y": 589 },
				"gem0": { "x": 6, "y": 708, "graphic": "agemLL.def" },
				"gem1": { "x": 1036, "y": 708, "graphic": "agemLR.def" },
				"gem2": { "x": 6, "y": 6, "graphic": "agemUL.def" },
				"gem3": { "x": 1036, "y": 6, "graphic": "agemUR.def" },
				"background": "AdvMap1280x800.pcx",
				"HeroList": { "size": 11, "x": 1089, "y": 196, "movePoints": "IMOBIL.DEF", "manaPoints": "IMANA.DEF", "arrowUp": "IAM012.DEF", "arrowDown": "IAM013.DEF" },
				"TownList": { "size": 11, "x": 1227, "y": 196, "arrowUp": "IAM014.DEF", "arrowDown": "IAM015.DEF" },
				"Minimap": { "width": 144, "height": 144, "x": 1110, "y": 26 },
				"Overview": { "pics": 4, "size": 5, "graphic": "OvCast5.pcx" },
				"Statusbar": { "x": 8, "y": 754, "graphic": "AdRollvr1280.pcx" },
				"ResDataBar": { "x": 0, "y": 775, "graphic": "ZResBar1280.pcx", "offsetX": 88, "offsetY": 2, "resSpace": 142, "resDateSpace": 167 },
				"ButtonKingdomOv": { "x": 1159, "y": 197, "graphic": "IAM002L.DEF", "playerColoured": 1 },
				"ButtonUnderground": { "x": 1159, "y": 229, "graphic": "IAM010L.DEF", "playerColoured": 1, "additionalDefs": ["IAM003L.DEF" ] },
				"ButtonQuestLog": { "x": 1159, "y": 261, "graphic": "IAM004L.DEF", "playerColoured": 1 },
				"ButtonSleepWake": { "x": 1159, "y": 293, "graphic": "IAM005L.DEF", "playerColoured": 1, "additionalDefs":["IAM011L.DEF"]  },
				"ButtonMoveHero": { "x": 1159, "y": 326, "graphic": "IAM006L.DEF", "playerColoured": 1 },
				"ButtonSpellbook": { "x": 1159, "y": 359, "graphic": "IAM007L.DEF", "playerColoured": 1 },
				"ButtonAdvOptions": { "x": 1159, "y": 392, "graphic": "IAM008L.DEF", "playerColoured": 1 },
				"ButtonSysOptions": { "x": 1159, "y": 425, "graphic": "IAM009L.DEF", "playerColoured": 1 },
				"ButtonNextHero": { "x": 1159, "y": 523, "graphic": "IAM000.DEF", "playerColoured": 1 },
				"ButtonEndTurn": { "x": 1159, "y": 556, "graphic": "IAM001.DEF", "playerColoured": 1 }
			},

			{
				"resolution": { "x": 1440, "y": 900 },
				"InGameConsole": { "maxInputPerLine": 90, "maxOutputPerLine": 60 },
				"AdvMap": { "x": 7, "y": 7, "width": 1234, "height": 846, "smoothMove": 1, "puzzleSepia": 1 },
				"InfoBox": { "x": 1245, "y": 689 },
				"gem0": { "x": 6, "y": 808, "graphic": "agemLL.def" },
				"gem1": { "x": 1196, "y": 808, "graphic": "agemLR.def" },
				"gem2": { "x": 6, "y": 6, "graphic": "agemUL.def" },
				"gem3": { "x": 1196, "y": 6, "graphic": "agemUR.def" },
				"background": "AdvMap1440x900.pcx",
				"HeroList": { "size": 14, "x": 1249, "y": 200, "movePoints": "IMOBIL.DEF", "manaPoints": "IMANA.DEF", "arrowUp": "IAM012.DEF", "arrowDown": "IAM013.DEF" },
				"TownList": { "size": 14, "x": 1387, "y": 200, "arrowUp": "IAM014.DEF", "arrowDown": "IAM015.DEF" },
				"Minimap": { "width": 144, "height": 144, "x": 1270, "y": 26 },
				"Overview": { "pics": 4, "size": 6, "graphic": "OvCast6.pcx" },
				"Statusbar": { "x": 8, "y": 855, "graphic": "AdRollvr1440.pcx" },
				"ResDataBar": { "x": 0, "y": 875, "graphic": "ZResBar1440.pcx", "offsetX": 100, "offsetY": 2, "resSpace": 155, "resDateSpace": 238 },
				"ButtonKingdomOv": { "x": 1319, "y": 197, "graphic": "IAM002L.DEF", "playerColoured": 1 },
				"ButtonUnderground": { "x": 1319, "y": 229, "graphic": "IAM010L.DEF", "playerColoured": 1, "additionalDefs": ["IAM003L.DEF" ] },
				"ButtonQuestLog": { "x": 1319, "y": 261, "graphic": "IAM004L.DEF", "playerColoured": 1 },
				"ButtonSleepWake": { "x": 1319, "y": 293, "graphic": "IAM005L.DEF", "playerColoured": 1, "additionalDefs":["IAM011L.DEF"]  },
				"ButtonMoveHero": { "x": 1319, "y": 326, "graphic": "IAM006L.DEF", "playerColoured": 1 },
				"ButtonSpellbook": { "x": 1319, "y": 359, "graphic": "IAM007L.DEF", "playerColoured": 1 },
				"ButtonAdvOptions": { "x": 1319, "y": 392, "graphic": "IAM008L.DEF", "playerColoured": 1 },
				"ButtonSysOptions": { "x": 1319, "y": 425, "graphic": "IAM009L.DEF", "playerColoured": 1 },
				"ButtonNextHero": { "x": 1319, "y": 458, "graphic": "IAM000.DEF", "playerColoured": 1 },
				"ButtonEndTurn": { "x": 1319, "y": 491, "graphic": "IAM001.DEF", "playerColoured": 1 }
			},
	
			{
				"resolution": { "x": 1600, "y": 1200 },
				"InGameConsole": { "maxInputPerLine": 100, "maxOutputPerLine": 70 },
				"AdvMap": { "x": 7, "y": 7, "width": 1394, "height": 1146, "smoothMove": 1, "puzzleSepia": 1 },
				"InfoBox": { "x": 1405, "y": 989 },
				"gem0": { "x": 6, "y": 1108, "graphic": "agemLL.def" },
				"gem1": { "x": 1356, "y": 1108, "graphic": "agemLR.def" },
				"gem2": { "x": 6, "y": 6, "graphic": "agemUL.def" },
				"gem3": { "x": 1356, "y": 6, "graphic": "agemUR.def" },
				"background": "AdvMap1600x1200.pcx",
				"HeroList": { "size": 23, "x": 1409, "y": 201, "movePoints": "IMOBIL.DEF", "manaPoints": "IMANA.DEF", "arrowUp": "IAM012.DEF", "arrowDown": "IAM013.DEF" },
				"TownList": { "size": 23, "x": 1547, "y": 201, "arrowUp": "IAM014.DEF", "arrowDown": "IAM015.DEF" },
				"Minimap": { "width": 144, "height": 144, "x": 1430, "y": 26 },
				"Overview": { "pics": 4, "size": 8, "graphic": "OvCast8.pcx" },
				"Statusbar": { "x": 285, "y": 1155, "graphic": "AdRollvr1600.pcx" },
				"ResDataBar": { "x": 0, "y": 1175, "graphic": "ZResBar1600.pcx", "offsetX": 65, "offsetY": 2, "resSpace": 192, "resDateSpace": 210 },
				"ButtonKingdomOv": { "x": 1479, "y": 197, "graphic": "IAM002L.DEF", "playerColoured": 1 },
				"ButtonUnderground": { "x": 1479, "y": 229, "graphic": "IAM010L.DEF", "playerColoured": 1, "additionalDefs": ["IAM003L.DEF" ] },
				"ButtonQuestLog": { "x": 1479, "y": 261, "graphic": "IAM004L.DEF", "playerColoured": 1 },
				"ButtonSleepWake": { "x": 1479, "y": 293, "graphic": "IAM005L.DEF", "playerColoured": 1, "additionalDefs":["IAM011L.DEF"]  },
				"ButtonMoveHero": { "x": 1479, "y": 326, "graphic": "IAM006L.DEF", "playerColoured": 1 },
				"ButtonSpellbook": { "x": 1479, "y": 359, "graphic": "IAM007L.DEF", "playerColoured": 1 },
				"ButtonAdvOptions": { "x": 1479, "y": 392, "graphic": "IAM008L.DEF", "playerColoured": 1 },
				"ButtonSysOptions": { "x": 1479, "y": 425, "graphic": "IAM009L.DEF", "playerColoured": 1 },
				"ButtonNextHero": { "x": 1479, "y": 458, "graphic": "IAM000.DEF", "playerColoured": 1 },
				"ButtonEndTurn": { "x": 1479, "y": 491, "graphic": "IAM001.DEF", "playerColoured": 1 }
			},
	
			{ 
				"resolution": { "x": 1680, "y": 1050 },
				"InGameConsole": { "maxInputPerLine": 108, "maxOutputPerLine": 70 },
				"AdvMap": { "x": 7, "y": 7, "width": 1474, "height": 996, "smoothMove": 1, "puzzleSepia": 1 }, 
				"InfoBox": { "x": 1485, "y": 839 }, 
				"gem0": { "x": 6, "y": 958, "graphic": "agemLL.def" }, 
				"gem1": { "x": 1436, "y": 958, "graphic": "agemLR.def" }, 
				"gem2": { "x": 6, "y": 6, "graphic": "agemUL.def" }, 
				"gem3": { "x": 1436, "y": 6, "graphic": "agemUR.def" }, 
				"background": "AdvMap1680x1050.pcx",
				"HeroList": { "size": 19, "x": 1489, "y": 198, "movePoints": "IMOBIL.DEF", "manaPoints": "IMANA.DEF", "arrowUp": "IAM012.DEF", "arrowDown": "IAM013.DEF" }, 
				"TownList": { "size": 19, "x": 1627, "y": 198, "arrowUp": "IAM014.DEF", "arrowDown": "IAM015.DEF" }, 
				"Minimap": { "width": 144, "height": 144, "x": 1510, "y": 26 }, 
				"Overview": { "pics": 4, "size": 7, "graphic": "OvCast7.pcx" },
				"Statusbar": { "x": 8, "y": 1005, "graphic": "AdRollvr1680.pcx" }, 
				"ResDataBar": { "x": 0, "y": 1025, "graphic": "ZResBar1680.pcx", "offsetX": 67, "offsetY": 2, "resSpace": 192, "resDateSpace": 288 }, 
				"ButtonKingdomOv": { "x": 1559, "y": 197, "graphic": "IAM002L.DEF", "playerColoured": 1 }, 
				"ButtonUnderground": { "x": 1559, "y": 229, "graphic": "IAM010L.DEF", "playerColoured": 1, "additionalDefs": ["IAM003L.DEF" ] }, 
				"ButtonQuestLog": { "x": 1559, "y": 261, "graphic": "IAM004L.DEF", "playerColoured": 1 }, 
				"ButtonSleepWake": { "x": 1559, "y": 293, "graphic": "IAM005L.DEF", "playerColoured": 1, "additionalDefs":["IAM011L.DEF"]  }, 
				"ButtonMoveHero": { "x": 1559, "y": 326, "graphic": "IAM006L.DEF", "playerColoured": 1 }, 
				"ButtonSpellbook": { "x": 1559, "y": 359, "graphic": "IAM007L.DEF", "playerColoured": 1 }, 
				"ButtonAdvOptions": { "x": 1559, "y": 392, "graphic": "IAM008L.DEF", "playerColoured": 1 }, 
				"ButtonSysOptions": { "x": 1559, "y": 425, "graphic": "IAM009L.DEF", "playerColoured": 1 }, 
				"ButtonNextHero": { "x": 1559, "y": 458, "graphic": "IAM000.DEF", "playerColoured": 1 }, 
				"ButtonEndTurn": { "x": 1559, "y": 491, "graphic": "IAM001.DEF", "playerColoured": 1 }
			}, 
	
			{ 
				"resolution": { "x": 1920, "y": 1080 },
				"InGameConsole": { "maxInputPerLine": 115, "maxOutputPerLine": 85 },
				"AdvMap": { "x": 7, "y": 7, "width": 1714, "height": 1026, "smoothMove": 1,  "puzzleSepia": 1 },
				"InfoBox": { "x": 1725, "y": 869 }, 
				"gem0": { "x": 6, "y": 988, "graphic": "agemLL.def" }, 
				"gem1": { "x": 1676, "y": 988, "graphic": "agemLR.def" }, 
				"gem2": { "x": 6, "y": 6, "graphic": "agemUL.def" }, 
				"gem3": { "x": 1676, "y": 6, "graphic": "agemUR.def" }, 
				"background": "AdvMap1920x1080.pcx",
				"HeroList": { "size": 20, "x": 1729, "y": 197, "movePoints": "IMOBIL.DEF", "manaPoints": "IMANA.DEF", "arrowUp": "IAM012.DEF", "arrowDown": "IAM013.DEF" }, 
				"TownList": { "size": 20, "x": 1867, "y": 197, "arrowUp": "IAM014.DEF", "arrowDown": "IAM015.DEF" }, 
				"Minimap": { "width": 144, "height": 144, "x": 1750, "y": 26 }, 
				"Overview": { "pics": 4, "size": 7, "graphic": "OvCast7.pcx" },
				"Statusbar": { "x": 8, "y": 1035, "graphic": "AdRollvr1920.pcx" }, 
				"ResDataBar": { "x": 0, "y": 1055, "graphic": "ZResBar1920.pcx", "offsetX": 67, "offsetY": 2, "resSpace": 192, "resDateSpace": 528 }, 
				"ButtonKingdomOv": { "x": 1799, "y": 197, "graphic": "IAM002L.DEF", "playerColoured": 1 }, 
				"ButtonUnderground": { "x": 1799, "y": 229, "graphic": "IAM010L.DEF", "playerColoured": 1, "additionalDefs": [ "IAM003L.DEF" ] }, 
				"ButtonQuestLog": { "x": 1799, "y": 261, "graphic": "IAM004L.DEF", "playerColoured": 1 }, 
				"ButtonSleepWake": { "x": 1799, "y": 293, "graphic": "IAM005L.DEF", "playerColoured": 1, "additionalDefs":["IAM011L.DEF"]  }, 
				"ButtonMoveHero": { "x": 1799, "y": 326, "graphic": "IAM006L.DEF", "playerColoured": 1 }, 
				"ButtonSpellbook": { "x": 1799, "y": 359, "graphic": "IAM007L.DEF", "playerColoured": 1 }, 
				"ButtonAdvOptions": { "x": 1799, "y": 392, "graphic": "IAM008L.DEF", "playerColoured": 1 }, 
				"ButtonSysOptions": { "x": 1799, "y": 425, "graphic": "IAM009L.DEF", "playerColoured": 1 }, 
				"ButtonNextHero": { "x": 1799, "y": 458, "graphic": "IAM000.DEF", "playerColoured": 1 }, 
				"ButtonEndTurn": { "x": 1799, "y": 491, "graphic": "IAM001.DEF", "playerColoured": 1 }
			}
		]
}
