{
	"Panic (ban fly/DD, 2 player, 3-Aug-03, midnight design)" :
	{
		"minSize" : "m+u", "maxSize" : "l+u",
		"players" : "2",
		"zones" :
		{
			"1" :
			{
				"type" : "playerStart",
				"size" : 25,
				"owner" : 1,
				"monsters" : "normal",
				"playerTowns" : { "castles" : 1 },
				"allowedTowns" : [ "castle", "rampart", "tower", "inferno", "dungeon", "stronghold", "fortress" ],
				"allowedMonsters" : [ "castle", "rampart", "tower", "inferno", "necropolis", "dungeon", "stronghold", "fortress", "neutral" ],
				"terrainTypes" : [ "dirt", "grass", "snow", "swamp", "rough", "subterra", "lava" ],
				"mines" : { "wood" : 1, "ore" : 1 },
				"treasure" :
				[
					{ "min" : 4500, "max" : 6000, "density" : 2 },
					{ "min" : 3500, "max" : 4500, "density" : 5 },
					{ "min" : 300, "max" : 2000, "density" : 4 }
				]
			},
			"2" :
			{
				"type" : "playerStart",
				"size" : 25,
				"owner" : 2,
				"monsters" : "normal",
				"playerTowns" : { "castles" : 1 },
				"allowedTowns" : [ "castle", "rampart", "tower", "inferno", "dungeon", "stronghold", "fortress" ],
				"allowedMonsters" : [ "castle", "rampart", "tower", "inferno", "necropolis", "dungeon", "stronghold", "fortress", "neutral" ],
				"terrainTypes" : [ "dirt", "grass", "snow", "swamp", "rough", "subterra", "lava" ],
				"minesLikeZone" : 1,
				"treasureLikeZone" : 1
			},
			"3" :
			{
				"type" : "treasure",
				"size" : 20,
				"monsters" : "strong",
				"neutralTowns" : { "towns" : 1 },
				"allowedTowns" : [ "necropolis" ],
				"allowedMonsters" : [ "castle", "rampart", "tower", "inferno", "necropolis", "dungeon", "stronghold", "fortress" ],
				"terrainTypes" : [ "dirt", "grass", "snow", "swamp", "rough", "subterra", "lava" ],
				"mines" : { "mercury" : 1, "sulfur" : 1, "crystal" : 1, "gems" : 1 },
				"treasure" :
				[
					{ "min" : 3500, "max" : 7000, "density" : 7 },
					{ "min" : 1500, "max" : 2000, "density" : 2 },
					{ "min" : 300, "max" : 1500, "density" : 5 }
				]
			},
			"4" :
			{
				"type" : "treasure",
				"size" : 20,
				"monsters" : "strong",
				"neutralTowns" : { "towns" : 1 },
				"allowedTowns" : [ "necropolis" ],
				"allowedMonsters" : [ "castle", "rampart", "tower", "inferno", "necropolis", "dungeon", "stronghold", "fortress" ],
				"terrainTypes" : [ "dirt", "grass", "snow", "swamp", "rough", "subterra", "lava" ],
				"minesLikeZone" : 3,
				"treasureLikeZone" : 3
			},
			"5" :
			{
				"type" : "treasure",
				"size" : 8,
				"monsters" : "strong",
				"neutralTowns" : { "towns" : 1 },
				"matchTerrainToTown" : false,
				"terrainTypes" : [ "dirt", "grass", "snow", "swamp", "rough", "subterra", "lava" ],
				"treasure" :
				[
					{ "min" : 6000, "max" : 8000, "density" : 6 },
					{ "min" : 3500, "max" : 6000, "density" : 3 },
					{ "min" : 800, "max" : 800, "density" : 3 }
				]
			},
			"6" :
			{
				"type" : "treasure",
				"size" : 12,
				"monsters" : "strong",
				"neutralTowns" : { "castles" : 1 },
				"terrainTypes" : [ "dirt", "grass", "snow", "swamp", "rough", "subterra", "lava" ],
				"mines" : { "gold" : 1 },
				"treasure" :
				[
					{ "min" : 8000, "max" : 9500, "density" : 7 },
					{ "min" : 800, "max" : 800, "density" : 3 }
				]
			},
			"7" :
			{
				"type" : "treasure",
				"size" : 8,
				"monsters" : "strong",
				"neutralTowns" : { "towns" : 1 },
				"terrainTypeLikeZone" : 5,
				"treasureLikeZone" : 5
			},
			"8" :
			{
				"type" : "treasure",
				"size" : 8,
				"monsters" : "strong",
				"neutralTowns" : { "towns" : 1 },
				"terrainTypeLikeZone" : 5,
				"treasureLikeZone" : 5
			},
			"9" :
			{
				"type" : "treasure",
				"size" : 12,
				"monsters" : "strong",
				"neutralTowns" : { "castles" : 1 },
				"terrainTypes" : [ "dirt", "grass", "snow", "swamp", "rough", "subterra", "lava" ],
				"minesLikeZone" : 6,
				"treasureLikeZone" : 6
			},
			"10" :
			{
				"type" : "treasure",
				"size" : 8,
				"monsters" : "strong",
				"neutralTowns" : { "towns" : 1 },
				"terrainTypeLikeZone" : 5,
				"treasureLikeZone" : 5
			},
			"11" :
			{
				"type" : "treasure",
				"size" : 8,
				"monsters" : "strong",
				"neutralTowns" : { "towns" : 1 },
				"terrainTypeLikeZone" : 5,
				"treasureLikeZone" : 5
			},
			"12" :
			{
				"type" : "treasure",
				"size" : 12,
				"monsters" : "strong",
				"neutralTowns" : { "castles" : 1 },
				"terrainTypes" : [ "dirt", "grass", "snow", "swamp", "rough", "subterra", "lava" ],
				"minesLikeZone" : 6,
				"treasureLikeZone" : 6
			},
			"13" :
			{
				"type" : "treasure",
				"size" : 8,
				"monsters" : "strong",
				"neutralTowns" : { "towns" : 1 },
				"terrainTypeLikeZone" : 5,
				"treasureLikeZone" : 5
			}
		},
		"connections" :
		[
			{ "a" : "1", "b" : "3", "guard" : 6000 },
			{ "a" : "2", "b" : "4", "guard" : 6000 },
			{ "a" : "3", "b" : "5", "guard" : 10500 },
			{ "a" : "5", "b" : "6", "guard" : 20000 },
			{ "a" : "6", "b" : "7", "guard" : 20000 },
			{ "a" : "7", "b" : "4", "guard" : 10500 },
			{ "a" : "3", "b" : "8", "guard" : 10500 },
			{ "a" : "8", "b" : "9", "guard" : 20000 },
			{ "a" : "9", "b" : "10", "guard" : 20000 },
			{ "a" : "10", "b" : "4", "guard" : 10500 },
			{ "a" : "3", "b" : "11", "guard" : 10500 },
			{ "a" : "11", "b" : "12", "guard" : 20000 },
			{ "a" : "12", "b" : "13", "guard" : 20000 },
			{ "a" : "13", "b" : "4", "guard" : 10500 },
			{ "a" : "5", "b" : "7", "guard" : 10500 },
			{ "a" : "8", "b" : "10", "guard" : 10500 },
			{ "a" : "11", "b" : "13", "guard" : 10500 },
			{ "a" : "3", "b" : "4", "guard" : 70000 }
		]
	}
}
